Size,Time (s),Time (ms),Formatted Time,Array Generation Time (s)
1000,0.000042,0.042000,42.00 μs,0.000769
11000,0.000585,0.585000,585.00 μs,0.000156
21000,0.001140,1.140000,1.14 ms,0.000099
31000,0.001523,1.523333,1.52 ms,0.000106
41000,0.002160,2.160000,2.16 ms,0.000105
51000,0.003097,3.096667,3.10 ms,0.000123
61000,0.003593,3.593333,3.59 ms,0.000158
71000,0.004143,4.143333,4.14 ms,0.000127
81000,0.004847,4.846667,4.85 ms,0.000118
91000,0.005283,5.283333,5.28 ms,0.000141
