Size,Time (s),Time (ms),Formatted Time,Array Generation Time (s)
1000,0.000059,0.058667,58.67 μs,0.000962
11000,0.000728,0.728333,728.33 μs,0.000153
21000,0.001050,1.050000,1.05 ms,0.000154
31000,0.001583,1.583333,1.58 ms,0.000103
41000,0.002013,2.013333,2.01 ms,0.000099
51000,0.002577,2.576667,2.58 ms,0.000127
61000,0.003983,3.983333,3.98 ms,0.000131
71000,0.003853,3.853333,3.85 ms,0.000464
81000,0.004467,4.466667,4.47 ms,0.000107
91000,0.005180,5.180000,5.18 ms,0.000116
