Size,Time (s),Time (ms),Formatted Time,Array Generation Time (s)
1000,0.000026,0.026000,26.00 μs,0.000153
2500,0.000064,0.064400,64.40 μs,0.000103
3000,0.000074,0.074000,74.00 μs,0.000116
4500,0.000112,0.111800,111.80 μs,0.000127
5000,0.000124,0.124400,124.40 μs,0.000102
6500,0.000168,0.168200,168.20 μs,0.000113
7000,0.000176,0.175600,175.60 μs,0.000100
8500,0.000290,0.290200,290.20 μs,0.000108
10000,0.000340,0.340400,340.40 μs,0.000146
