Size,Time (s),Time (ms),Formatted Time,Array Generation Time (s)
1000,0.000101,0.101000,101.00 μs,0.000484
11000,0.000683,0.683000,683.00 μs,0.000208
21000,0.001087,1.086667,1.09 ms,0.000114
31000,0.001540,1.540000,1.54 ms,0.000140
41000,0.002127,2.126667,2.13 ms,0.000125
51000,0.002883,2.883333,2.88 ms,0.000103
61000,0.003380,3.380000,3.38 ms,0.000105
71000,0.003877,3.876667,3.88 ms,0.000125
81000,0.004393,4.393333,4.39 ms,0.000123
91000,0.005023,5.023333,5.02 ms,0.000116
