Size,Time (s),Time (ms),Formatted Time,Array Generation Time (s)
1000,0.000072,0.071667,71.67 μs,0.000602
11000,0.000716,0.716333,716.33 μs,0.000145
21000,0.001057,1.056667,1.06 ms,0.000150
31000,0.001733,1.733333,1.73 ms,0.000119
41000,0.002347,2.346667,2.35 ms,0.000114
51000,0.002960,2.960000,2.96 ms,0.000133
61000,0.003673,3.673333,3.67 ms,0.000203
71000,0.003917,3.916667,3.92 ms,0.000146
81000,0.004830,4.830000,4.83 ms,0.000107
91000,0.005537,5.536667,5.54 ms,0.000120
